row_id,page_group,label,target,split
0,https://mc.yandex.ru/watch/105674087,non_content,0.0,val
1,https://mc.yandex.ru/watch/27509004,non_content,0.0,test
2,https://mc.yandex.ru/watch/26649402,non_content,0.0,train
3,https://counter.rambler.ru/top100.cnt?pid=2635991,non_content,0.0,test
4,https://counter.rambler.ru/top100.cnt?pid=7728281,non_content,0.0,train
5,https://www.tns-counter.ru/v13a****afisha_ru/ru/utf-8/tmsec=afisha_eda,non_content,0.0,train
6,https://www.tns-counter.ru/v13a****rambler_ad/ru/utf-8/tmsec=rambler_cid1100108-posid2155101,non_content,0.0,train
7,https://www.tns-counter.ru/v13a****rambler_ad/ru/utf-8/tmsec=rambler_cid1100104-posid2155079,non_content,0.0,test
8,https://eda.rambler.ru/_next/static/images/rambler-favorites-bd704f5a077fe3675a33743723c233fc.svg,non_content,0.0,val
9,https://eda.rambler.ru/_next/static/images/rambler-recipes-a1c77bb63384486ec36eb950f2702009.svg,non_content,0.0,val
10,https://eda.rambler.ru/images/article/pyat-horoshih-receptov-postnogo-pechenya,content,1.0,test
11,https://eda.rambler.ru/img/eda/620x-/s1.eda.ru/staticcontent/photos/f/d3/fd3d03ecb876423db465779952cb7186,content,1.0,train
12,https://eda.rambler.ru/images/recipephoto/postnoe-ovsyanoe-pechene-s-klyukvoy-i-tykvennymi-semechkami_173312_photo_170568,content,1.0,test
13,https://eda.rambler.ru/img/eda/620x-/s1.eda.ru/staticcontent/photos/4/13/4138015c339a4f038817736f33a6c819,content,1.0,train
14,https://eda.rambler.ru/images/recipephoto/postnoe-shokoladnoe-pechene-bez-vypechki_173311_photo_170567,content,1.0,train
15,https://eda.rambler.ru/img/eda/620x-/s1.eda.ru/staticcontent/photos/6/32/632d1857a176420ea8211207c92659ea,content,1.0,val
16,https://eda.rambler.ru/images/recipephoto/postnoe-pechene-s-bananami-i-finikami_173310_photo_170566,content,1.0,train
17,https://eda.rambler.ru/img/eda/620x-/s1.eda.ru/staticcontent/photos/8/93/8930ef6437aa409199d9e908bf6b5c8a,content,1.0,train
18,https://eda.rambler.ru/images/recipephoto/postnoe-pechene-oreo_173309_photo_170565,content,1.0,train
19,https://eda.rambler.ru/img/eda/620x-/s1.eda.ru/staticcontent/photos/3/30/33051e7b28f14c5da8aa505361a890ef,content,1.0,train
20,https://eda.rambler.ru/images/recipephoto/postnoe-pechene-s-shokoladom_163308_photo_170564,content,1.0,train
21,https://eda.rambler.ru/images/article/7-vkusnyh-postnyh-blyud-iz-krup_square,non_content,0.0,train
22,https://eda.rambler.ru/images/article/horoshie-postnye-recepty-ot-shef-povarov_square,non_content,0.0,test
23,https://eda.rambler.ru/images/article/kak-prigotovit-kashu-bez-moloka_square,non_content,0.0,test
24,https://eda.rambler.ru/images/article/kak-prigotovit-postnyy-borshch_square,non_content,0.0,val
25,https://eda.rambler.ru/images/article/10-postnyh-produktov-zaryazhayushchih-energiey_square,non_content,0.0,train
26,https://eda.rambler.ru/images/article/otlichnye-recepty-postnyh-pirogov_square,non_content,0.0,train
27,https://eda.rambler.ru/images/article/7-receptov-postnyh-kotlet-s-kotorymi-ne-pridetsya-skuchat-po-myasu_square,non_content,0.0,train
28,https://eda.rambler.ru/images/article/chto-mozhno-est-v-post_square,non_content,0.0,train
29,https://eda.rambler.ru/images/article/sovremennye-postnye-supy_square,non_content,0.0,val
30,https://eda.rambler.ru/images/article/postnyy-shtrudel-s-yablokami_square,non_content,0.0,val
31,https://eda.rambler.ru/images/article/postnoe-hachapuri-s-zelenyu_square,non_content,0.0,train
32,https://eda.rambler.ru/images/article/chto-delat-s-yaycami-na-pashu_square,non_content,0.0,train
33,https://eda.rambler.ru/images/article/panettone-anny-chaykovskoy_square,non_content,0.0,test
34,https://eda.rambler.ru/images/article/ne-kulichom-edinym-kakie-tradicionnye-recepty-na-pashu-ukrasyat-prazdnichnyy-stol_square,non_content,0.0,train
35,https://eda.rambler.ru/images/article/kak-pokrasit-yayca-na-pashu-prostye-krasivye-i-bezopasnye-sposoby_square,non_content,0.0,train
36,https://eda.rambler.ru/images/article/recepty-kulichey-na-pashu-ot-klassiki-do-bystryh-variantov_square,non_content,0.0,test
37,https://eda.rambler.ru/images/article/recepty-salatov-s-vinogradom_square,non_content,0.0,train
38,https://eda.rambler.ru/images/article/pyat-horoshih-receptov-postnogo-pechenya,content,1.0,test
39,https://eda.rambler.ru/images/article/pyat-horoshih-receptov-postnogo-pechenya,content,1.0,test
40,https://eda.rambler.ru/images/article/pyat-horoshih-receptov-postnogo-pechenya,content,1.0,test
41,https://eda.rambler.ru/images/article/pyat-horoshih-receptov-postnogo-pechenya,content,1.0,test
42,https://eda.rambler.ru/images/article/pyat-horoshih-receptov-postnogo-pechenya,content,1.0,test
43,https://eda.rambler.ru/images/recipephoto/postnoe-ovsyanoe-pechene-s-klyukvoy-i-tykvennymi-semechkami_173312_photo_170568,content,1.0,test
44,https://eda.rambler.ru/images/recipephoto/postnoe-ovsyanoe-pechene-s-klyukvoy-i-tykvennymi-semechkami_173312_photo_170568,content,1.0,test
45,https://eda.rambler.ru/images/recipephoto/postnoe-ovsyanoe-pechene-s-klyukvoy-i-tykvennymi-semechkami_173312_photo_170568,content,1.0,test
46,https://eda.rambler.ru/images/recipephoto/postnoe-shokoladnoe-pechene-bez-vypechki_173311_photo_170567,content,1.0,train
47,https://eda.rambler.ru/images/recipephoto/postnoe-shokoladnoe-pechene-bez-vypechki_173311_photo_170567,content,1.0,train
48,https://eda.rambler.ru/images/recipephoto/postnoe-shokoladnoe-pechene-bez-vypechki_173311_photo_170567,content,1.0,train
49,https://eda.rambler.ru/images/recipephoto/postnoe-pechene-s-bananami-i-finikami_173310_photo_170566,content,1.0,train
50,https://eda.rambler.ru/images/recipephoto/postnoe-pechene-s-bananami-i-finikami_173310_photo_170566,content,1.0,train
51,https://eda.rambler.ru/images/recipephoto/postnoe-pechene-s-bananami-i-finikami_173310_photo_170566,content,1.0,train
52,https://eda.rambler.ru/images/recipephoto/postnoe-pechene-oreo_173309_photo_170565,content,1.0,train
53,https://eda.rambler.ru/images/recipephoto/postnoe-pechene-oreo_173309_photo_170565,content,1.0,train
54,https://eda.rambler.ru/images/recipephoto/postnoe-pechene-oreo_173309_photo_170565,content,1.0,train
55,https://eda.rambler.ru/images/recipephoto/postnoe-pechene-s-shokoladom_163308_photo_170564,content,1.0,train
56,https://eda.rambler.ru/images/recipephoto/postnoe-pechene-s-shokoladom_163308_photo_170564,content,1.0,train
57,https://eda.rambler.ru/images/recipephoto/postnoe-pechene-s-shokoladom_163308_photo_170564,content,1.0,train
58,https://eda.rambler.ru/images/article/7-vkusnyh-postnyh-blyud-iz-krup_square,non_content,0.0,train
59,https://eda.rambler.ru/images/article/7-vkusnyh-postnyh-blyud-iz-krup_square,non_content,0.0,train
60,https://eda.rambler.ru/images/article/7-vkusnyh-postnyh-blyud-iz-krup_square,non_content,0.0,train
61,https://eda.rambler.ru/images/article/7-vkusnyh-postnyh-blyud-iz-krup_square,non_content,0.0,train
62,https://eda.rambler.ru/images/article/7-vkusnyh-postnyh-blyud-iz-krup_square,non_content,0.0,train
63,https://eda.rambler.ru/images/article/horoshie-postnye-recepty-ot-shef-povarov_square,non_content,0.0,test
64,https://eda.rambler.ru/images/article/horoshie-postnye-recepty-ot-shef-povarov_square,non_content,0.0,test
65,https://eda.rambler.ru/images/article/horoshie-postnye-recepty-ot-shef-povarov_square,non_content,0.0,test
66,https://eda.rambler.ru/images/article/horoshie-postnye-recepty-ot-shef-povarov_square,non_content,0.0,test
67,https://eda.rambler.ru/images/article/horoshie-postnye-recepty-ot-shef-povarov_square,non_content,0.0,test
68,https://eda.rambler.ru/images/article/kak-prigotovit-kashu-bez-moloka_square,non_content,0.0,test
69,https://eda.rambler.ru/images/article/kak-prigotovit-kashu-bez-moloka_square,non_content,0.0,test
70,https://eda.rambler.ru/images/article/kak-prigotovit-kashu-bez-moloka_square,non_content,0.0,test
71,https://eda.rambler.ru/images/article/kak-prigotovit-kashu-bez-moloka_square,non_content,0.0,test
72,https://eda.rambler.ru/images/article/kak-prigotovit-kashu-bez-moloka_square,non_content,0.0,test
73,https://eda.rambler.ru/images/article/kak-prigotovit-postnyy-borshch_square,non_content,0.0,val
74,https://eda.rambler.ru/images/article/kak-prigotovit-postnyy-borshch_square,non_content,0.0,val
75,https://eda.rambler.ru/images/article/kak-prigotovit-postnyy-borshch_square,non_content,0.0,val
76,https://eda.rambler.ru/images/article/kak-prigotovit-postnyy-borshch_square,non_content,0.0,val
77,https://eda.rambler.ru/images/article/kak-prigotovit-postnyy-borshch_square,non_content,0.0,val
78,https://eda.rambler.ru/images/article/10-postnyh-produktov-zaryazhayushchih-energiey_square,non_content,0.0,train
79,https://eda.rambler.ru/images/article/10-postnyh-produktov-zaryazhayushchih-energiey_square,non_content,0.0,train
80,https://eda.rambler.ru/images/article/10-postnyh-produktov-zaryazhayushchih-energiey_square,non_content,0.0,train
81,https://eda.rambler.ru/images/article/10-postnyh-produktov-zaryazhayushchih-energiey_square,non_content,0.0,train
82,https://eda.rambler.ru/images/article/10-postnyh-produktov-zaryazhayushchih-energiey_square,non_content,0.0,train
83,https://eda.rambler.ru/images/article/otlichnye-recepty-postnyh-pirogov_square,non_content,0.0,train
84,https://eda.rambler.ru/images/article/otlichnye-recepty-postnyh-pirogov_square,non_content,0.0,train
85,https://eda.rambler.ru/images/article/otlichnye-recepty-postnyh-pirogov_square,non_content,0.0,train
86,https://eda.rambler.ru/images/article/otlichnye-recepty-postnyh-pirogov_square,non_content,0.0,train
87,https://eda.rambler.ru/images/article/otlichnye-recepty-postnyh-pirogov_square,non_content,0.0,train
88,https://eda.rambler.ru/images/article/7-receptov-postnyh-kotlet-s-kotorymi-ne-pridetsya-skuchat-po-myasu_square,non_content,0.0,train
89,https://eda.rambler.ru/images/article/7-receptov-postnyh-kotlet-s-kotorymi-ne-pridetsya-skuchat-po-myasu_square,non_content,0.0,train
90,https://eda.rambler.ru/images/article/7-receptov-postnyh-kotlet-s-kotorymi-ne-pridetsya-skuchat-po-myasu_square,non_content,0.0,train
91,https://eda.rambler.ru/images/article/7-receptov-postnyh-kotlet-s-kotorymi-ne-pridetsya-skuchat-po-myasu_square,non_content,0.0,train
92,https://eda.rambler.ru/images/article/7-receptov-postnyh-kotlet-s-kotorymi-ne-pridetsya-skuchat-po-myasu_square,non_content,0.0,train
93,https://eda.rambler.ru/images/article/chto-mozhno-est-v-post_square,non_content,0.0,train
94,https://eda.rambler.ru/images/article/chto-mozhno-est-v-post_square,non_content,0.0,train
95,https://eda.rambler.ru/images/article/chto-mozhno-est-v-post_square,non_content,0.0,train
96,https://eda.rambler.ru/images/article/chto-mozhno-est-v-post_square,non_content,0.0,train
97,https://eda.rambler.ru/images/article/chto-mozhno-est-v-post_square,non_content,0.0,train
98,https://eda.rambler.ru/images/article/sovremennye-postnye-supy_square,non_content,0.0,val
99,https://eda.rambler.ru/images/article/sovremennye-postnye-supy_square,non_content,0.0,val
100,https://eda.rambler.ru/images/article/sovremennye-postnye-supy_square,non_content,0.0,val
101,https://eda.rambler.ru/images/article/sovremennye-postnye-supy_square,non_content,0.0,val
102,https://eda.rambler.ru/images/article/sovremennye-postnye-supy_square,non_content,0.0,val
103,https://eda.rambler.ru/images/article/postnyy-shtrudel-s-yablokami_square,non_content,0.0,val
104,https://eda.rambler.ru/images/article/postnyy-shtrudel-s-yablokami_square,non_content,0.0,val
105,https://eda.rambler.ru/images/article/postnyy-shtrudel-s-yablokami_square,non_content,0.0,val
106,https://eda.rambler.ru/images/article/postnyy-shtrudel-s-yablokami_square,non_content,0.0,val
107,https://eda.rambler.ru/images/article/postnyy-shtrudel-s-yablokami_square,non_content,0.0,val
108,https://eda.rambler.ru/images/article/postnoe-hachapuri-s-zelenyu_square,non_content,0.0,train
109,https://eda.rambler.ru/images/article/postnoe-hachapuri-s-zelenyu_square,non_content,0.0,train
110,https://eda.rambler.ru/images/article/postnoe-hachapuri-s-zelenyu_square,non_content,0.0,train
111,https://eda.rambler.ru/images/article/postnoe-hachapuri-s-zelenyu_square,non_content,0.0,train
112,https://eda.rambler.ru/images/article/postnoe-hachapuri-s-zelenyu_square,non_content,0.0,train
113,https://eda.rambler.ru/images/article/chto-delat-s-yaycami-na-pashu_square,non_content,0.0,train
114,https://eda.rambler.ru/images/article/chto-delat-s-yaycami-na-pashu_square,non_content,0.0,train
115,https://eda.rambler.ru/images/article/chto-delat-s-yaycami-na-pashu_square,non_content,0.0,train
116,https://eda.rambler.ru/images/article/chto-delat-s-yaycami-na-pashu_square,non_content,0.0,train
117,https://eda.rambler.ru/images/article/chto-delat-s-yaycami-na-pashu_square,non_content,0.0,train
118,https://eda.rambler.ru/images/article/panettone-anny-chaykovskoy_square,non_content,0.0,test
119,https://eda.rambler.ru/images/article/panettone-anny-chaykovskoy_square,non_content,0.0,test
120,https://eda.rambler.ru/images/article/panettone-anny-chaykovskoy_square,non_content,0.0,test
121,https://eda.rambler.ru/images/article/panettone-anny-chaykovskoy_square,non_content,0.0,test
122,https://eda.rambler.ru/images/article/panettone-anny-chaykovskoy_square,non_content,0.0,test
123,https://eda.rambler.ru/images/article/ne-kulichom-edinym-kakie-tradicionnye-recepty-na-pashu-ukrasyat-prazdnichnyy-stol_square,non_content,0.0,train
124,https://eda.rambler.ru/images/article/ne-kulichom-edinym-kakie-tradicionnye-recepty-na-pashu-ukrasyat-prazdnichnyy-stol_square,non_content,0.0,train
125,https://eda.rambler.ru/images/article/ne-kulichom-edinym-kakie-tradicionnye-recepty-na-pashu-ukrasyat-prazdnichnyy-stol_square,non_content,0.0,train
126,https://eda.rambler.ru/images/article/ne-kulichom-edinym-kakie-tradicionnye-recepty-na-pashu-ukrasyat-prazdnichnyy-stol_square,non_content,0.0,train
127,https://eda.rambler.ru/images/article/ne-kulichom-edinym-kakie-tradicionnye-recepty-na-pashu-ukrasyat-prazdnichnyy-stol_square,non_content,0.0,train
128,https://eda.rambler.ru/images/article/kak-pokrasit-yayca-na-pashu-prostye-krasivye-i-bezopasnye-sposoby_square,non_content,0.0,train
129,https://eda.rambler.ru/images/article/kak-pokrasit-yayca-na-pashu-prostye-krasivye-i-bezopasnye-sposoby_square,non_content,0.0,train
130,https://eda.rambler.ru/images/article/kak-pokrasit-yayca-na-pashu-prostye-krasivye-i-bezopasnye-sposoby_square,non_content,0.0,train
131,https://eda.rambler.ru/images/article/kak-pokrasit-yayca-na-pashu-prostye-krasivye-i-bezopasnye-sposoby_square,non_content,0.0,train
132,https://eda.rambler.ru/images/article/kak-pokrasit-yayca-na-pashu-prostye-krasivye-i-bezopasnye-sposoby_square,non_content,0.0,train
133,https://eda.rambler.ru/images/article/recepty-kulichey-na-pashu-ot-klassiki-do-bystryh-variantov_square,non_content,0.0,test
134,https://eda.rambler.ru/images/article/recepty-kulichey-na-pashu-ot-klassiki-do-bystryh-variantov_square,non_content,0.0,test
135,https://eda.rambler.ru/images/article/recepty-kulichey-na-pashu-ot-klassiki-do-bystryh-variantov_square,non_content,0.0,test
136,https://eda.rambler.ru/images/article/recepty-kulichey-na-pashu-ot-klassiki-do-bystryh-variantov_square,non_content,0.0,test
137,https://eda.rambler.ru/images/article/recepty-kulichey-na-pashu-ot-klassiki-do-bystryh-variantov_square,non_content,0.0,test
138,https://eda.rambler.ru/images/article/recepty-salatov-s-vinogradom_square,non_content,0.0,train
139,https://eda.rambler.ru/images/article/recepty-salatov-s-vinogradom_square,non_content,0.0,train
140,https://eda.rambler.ru/images/article/recepty-salatov-s-vinogradom_square,non_content,0.0,train
141,https://eda.rambler.ru/images/article/recepty-salatov-s-vinogradom_square,non_content,0.0,train
142,https://eda.rambler.ru/images/article/recepty-salatov-s-vinogradom_square,non_content,0.0,train
143,https://mc.yandex.ru/watch/105674087,non_content,0.0,val
144,https://mc.yandex.ru/watch/27509004,non_content,0.0,test
145,https://mc.yandex.ru/watch/26649402,non_content,0.0,train
146,https://counter.rambler.ru/top100.cnt?pid=2635991,non_content,0.0,test
147,https://counter.rambler.ru/top100.cnt?pid=7728281,non_content,0.0,train
148,https://www.tns-counter.ru/v13a****afisha_ru/ru/utf-8/tmsec=afisha_eda,non_content,0.0,train
149,https://www.tns-counter.ru/v13a****rambler_ad/ru/utf-8/tmsec=rambler_cid1100108-posid2155101,non_content,0.0,train
150,https://www.tns-counter.ru/v13a****rambler_ad/ru/utf-8/tmsec=rambler_cid1100104-posid2155079,non_content,0.0,test
151,https://eda.rambler.ru/_next/static/images/rambler-favorites-bd704f5a077fe3675a33743723c233fc.svg,non_content,0.0,val
152,https://eda.rambler.ru/_next/static/images/rambler-recipes-a1c77bb63384486ec36eb950f2702009.svg,non_content,0.0,val
153,https://eda.rambler.ru/images/recipephoto/sirniki-iz-tvoroga_18506_photo_147696,content,1.0,test
154,https://eda.rambler.ru/images/recipephoto/sirniki-iz-tvoroga_18506_photo_147696,content,1.0,test
155,https://eda.rambler.ru/images/recipephoto/sirniki-iz-tvoroga_18506_photo_157216,content,1.0,test
156,https://eda.rambler.ru/images/recipephoto/sirniki-iz-tvoroga_18506_photo_145389,content,1.0,val
157,https://eda.rambler.ru/images/recipephoto/sirniki-iz-tvoroga_18506_photo_148579,content,1.0,train
158,https://eda.rambler.ru/images/recipephoto/sirniki-iz-tvoroga_18506_photo_151601,content,1.0,test
159,https://eda.rambler.ru/img/eda/c130x130i/s1.eda.ru/newidafisharu/staticcontent/userphoto/b5/a7/855450991c084460ad6b9ae48be1b5a7,non_content,0.0,test
160,https://eda.rambler.ru/images/recipestep/sirniki-iz-tvoroga_18506_step_1,content,1.0,train
161,https://static.eaglecdn.com/eda/logos/d/9/d9d0859d860fc094783af7d4d1afb9ca72739c4a?1484830216=,content,1.0,train
162,https://eda.rambler.ru/images/recipestep/sirniki-iz-tvoroga_18506_step_2,content,1.0,train
163,https://eda.rambler.ru/images/recipestep/sirniki-iz-tvoroga_18506_step_3,content,1.0,train
164,https://eda.rambler.ru/images/recipestep/sirniki-iz-tvoroga_18506_step_4,content,1.0,test
165,https://eda.rambler.ru/images/recipestep/sirniki-iz-tvoroga_18506_step_5,content,1.0,train
166,https://eda.rambler.ru/images/recipestep/sirniki-iz-tvoroga_18506_step_6,content,1.0,val
167,https://eda.rambler.ru/images/article/blyuda-iz-tvoroga-na-zavtrak_square,content,1.0,val
168,https://eda.rambler.ru/images/article/horoshie-zavtraki-iz-tvoroga_square,content,1.0,train
169,https://eda.rambler.ru/images/article/kak-prigotovit-vkusnye-syrniki_square,content,1.0,train
170,https://eda.rambler.ru/images/article/menyu-na-nedelyu_square,non_content,0.0,train
171,https://eda.rambler.ru/images/article/prazdnichnye-zavtraki_square,non_content,0.0,train
172,https://eda.rambler.ru/_next/static/images/default-author-f2cc52ca40692e830326033c9e46706d,non_content,0.0,train
173,https://eda.rambler.ru/images/recipephoto/syrniki-s-gerkulesom-bez-muki_191236_photo_199153,non_content,0.0,val
174,https://eda.rambler.ru/images/recipephoto/syrniki-v-mikrovolnovke_191205_photo_199132,content,1.0,train
175,https://eda.rambler.ru/images/recipephoto/syrniki-kak-u-babushki_190931_photo_198851,content,1.0,train
176,https://eda.rambler.ru/images/recipephoto/syrniki-s-zapechennoy-tykvoy_190830_photo_198745,content,1.0,train
177,https://eda.rambler.ru/images/recipephoto/syrniki-s-tykvoy_190405_photo_198415,content,1.0,train
178,https://eda.rambler.ru/images/recipephoto/syrniki-s-tykvoy_190323_photo_198357,content,1.0,train
179,https://eda.rambler.ru/images/recipephoto/syrniki-s-makom_190131_photo_198217,content,1.0,train
180,https://eda.rambler.ru/images/recipephoto/syrniki-s-kokosovoy-struzhkoy_190088_photo_198183,content,1.0,train
181,https://eda.rambler.ru/images/recipephoto/syrniki-iz-tvorozhnoy-massy-s-izyumom_189821_photo_197911,content,1.0,train
182,https://eda.rambler.ru/images/recipephoto/kremlyovskie-syrniki_189540_photo_197768,content,1.0,train
183,https://eda.rambler.ru/images/recipephoto/sirniki-iz-tvoroga_18506_photo_147696,content,1.0,test
184,https://eda.rambler.ru/images/recipephoto/sirniki-iz-tvoroga_18506_photo_147696,content,1.0,test
185,https://eda.rambler.ru/images/recipephoto/sirniki-iz-tvoroga_18506_photo_147696,content,1.0,test
186,https://eda.rambler.ru/images/recipephoto/sirniki-iz-tvoroga_18506_photo_147696,content,1.0,test
187,https://eda.rambler.ru/images/recipephoto/sirniki-iz-tvoroga_18506_photo_157216,content,1.0,test
188,https://eda.rambler.ru/images/recipephoto/sirniki-iz-tvoroga_18506_photo_157216,content,1.0,test
189,https://eda.rambler.ru/images/recipephoto/sirniki-iz-tvoroga_18506_photo_157216,content,1.0,test
190,https://eda.rambler.ru/images/recipephoto/sirniki-iz-tvoroga_18506_photo_145389,content,1.0,val
191,https://eda.rambler.ru/images/recipephoto/sirniki-iz-tvoroga_18506_photo_145389,content,1.0,val
192,https://eda.rambler.ru/images/recipephoto/sirniki-iz-tvoroga_18506_photo_145389,content,1.0,val
193,https://eda.rambler.ru/images/recipephoto/sirniki-iz-tvoroga_18506_photo_148579,content,1.0,train
194,https://eda.rambler.ru/images/recipephoto/sirniki-iz-tvoroga_18506_photo_148579,content,1.0,train
195,https://eda.rambler.ru/images/recipephoto/sirniki-iz-tvoroga_18506_photo_148579,content,1.0,train
196,https://eda.rambler.ru/images/recipephoto/sirniki-iz-tvoroga_18506_photo_151601,content,1.0,test
197,https://eda.rambler.ru/images/recipephoto/sirniki-iz-tvoroga_18506_photo_151601,content,1.0,test
198,https://eda.rambler.ru/images/recipephoto/sirniki-iz-tvoroga_18506_photo_151601,content,1.0,test
199,https://eda.rambler.ru/images/recipestep/sirniki-iz-tvoroga_18506_step_1,content,1.0,train
200,https://eda.rambler.ru/images/recipestep/sirniki-iz-tvoroga_18506_step_1,content,1.0,train
201,https://eda.rambler.ru/images/recipestep/sirniki-iz-tvoroga_18506_step_1,content,1.0,train
202,https://eda.rambler.ru/images/recipestep/sirniki-iz-tvoroga_18506_step_1,content,1.0,train
203,https://eda.rambler.ru/images/recipestep/sirniki-iz-tvoroga_18506_step_1,content,1.0,train
204,https://eda.rambler.ru/images/recipestep/sirniki-iz-tvoroga_18506_step_2,content,1.0,train
205,https://eda.rambler.ru/images/recipestep/sirniki-iz-tvoroga_18506_step_2,content,1.0,train
206,https://eda.rambler.ru/images/recipestep/sirniki-iz-tvoroga_18506_step_2,content,1.0,train
207,https://eda.rambler.ru/images/recipestep/sirniki-iz-tvoroga_18506_step_2,content,1.0,train
208,https://eda.rambler.ru/images/recipestep/sirniki-iz-tvoroga_18506_step_2,content,1.0,train
209,https://eda.rambler.ru/images/recipestep/sirniki-iz-tvoroga_18506_step_3,content,1.0,train
210,https://eda.rambler.ru/images/recipestep/sirniki-iz-tvoroga_18506_step_3,content,1.0,train
211,https://eda.rambler.ru/images/recipestep/sirniki-iz-tvoroga_18506_step_3,content,1.0,train
212,https://eda.rambler.ru/images/recipestep/sirniki-iz-tvoroga_18506_step_3,content,1.0,train
213,https://eda.rambler.ru/images/recipestep/sirniki-iz-tvoroga_18506_step_3,content,1.0,train
214,https://eda.rambler.ru/images/recipestep/sirniki-iz-tvoroga_18506_step_4,content,1.0,test
215,https://eda.rambler.ru/images/recipestep/sirniki-iz-tvoroga_18506_step_4,content,1.0,test
216,https://eda.rambler.ru/images/recipestep/sirniki-iz-tvoroga_18506_step_4,content,1.0,test
217,https://eda.rambler.ru/images/recipestep/sirniki-iz-tvoroga_18506_step_4,content,1.0,test
218,https://eda.rambler.ru/images/recipestep/sirniki-iz-tvoroga_18506_step_4,content,1.0,test
219,https://eda.rambler.ru/images/recipestep/sirniki-iz-tvoroga_18506_step_5,content,1.0,train
220,https://eda.rambler.ru/images/recipestep/sirniki-iz-tvoroga_18506_step_5,content,1.0,train
221,https://eda.rambler.ru/images/recipestep/sirniki-iz-tvoroga_18506_step_5,content,1.0,train
222,https://eda.rambler.ru/images/recipestep/sirniki-iz-tvoroga_18506_step_5,content,1.0,train
223,https://eda.rambler.ru/images/recipestep/sirniki-iz-tvoroga_18506_step_5,content,1.0,train
224,https://eda.rambler.ru/images/recipestep/sirniki-iz-tvoroga_18506_step_6,content,1.0,val
225,https://eda.rambler.ru/images/recipestep/sirniki-iz-tvoroga_18506_step_6,content,1.0,val
226,https://eda.rambler.ru/images/recipestep/sirniki-iz-tvoroga_18506_step_6,content,1.0,val
227,https://eda.rambler.ru/images/recipestep/sirniki-iz-tvoroga_18506_step_6,content,1.0,val
228,https://eda.rambler.ru/images/recipestep/sirniki-iz-tvoroga_18506_step_6,content,1.0,val
229,https://eda.rambler.ru/images/article/blyuda-iz-tvoroga-na-zavtrak_square,content,1.0,val
230,https://eda.rambler.ru/images/article/blyuda-iz-tvoroga-na-zavtrak_square,content,1.0,val
231,https://eda.rambler.ru/images/article/blyuda-iz-tvoroga-na-zavtrak_square,content,1.0,val
232,https://eda.rambler.ru/images/article/blyuda-iz-tvoroga-na-zavtrak_square,content,1.0,val
233,https://eda.rambler.ru/images/article/blyuda-iz-tvoroga-na-zavtrak_square,content,1.0,val
234,https://eda.rambler.ru/images/article/horoshie-zavtraki-iz-tvoroga_square,content,1.0,train
235,https://eda.rambler.ru/images/article/horoshie-zavtraki-iz-tvoroga_square,content,1.0,train
236,https://eda.rambler.ru/images/article/horoshie-zavtraki-iz-tvoroga_square,content,1.0,train
237,https://eda.rambler.ru/images/article/horoshie-zavtraki-iz-tvoroga_square,content,1.0,train
238,https://eda.rambler.ru/images/article/horoshie-zavtraki-iz-tvoroga_square,content,1.0,train
239,https://eda.rambler.ru/images/article/kak-prigotovit-vkusnye-syrniki_square,content,1.0,train
240,https://eda.rambler.ru/images/article/kak-prigotovit-vkusnye-syrniki_square,content,1.0,train
241,https://eda.rambler.ru/images/article/kak-prigotovit-vkusnye-syrniki_square,content,1.0,train
242,https://eda.rambler.ru/images/article/kak-prigotovit-vkusnye-syrniki_square,content,1.0,train
243,https://eda.rambler.ru/images/article/kak-prigotovit-vkusnye-syrniki_square,content,1.0,train
244,https://eda.rambler.ru/images/article/menyu-na-nedelyu_square,content,1.0,train
245,https://eda.rambler.ru/images/article/menyu-na-nedelyu_square,non_content,0.0,train
246,https://eda.rambler.ru/images/article/menyu-na-nedelyu_square,non_content,0.0,train
247,https://eda.rambler.ru/images/article/menyu-na-nedelyu_square,non_content,0.0,train
248,https://eda.rambler.ru/images/article/menyu-na-nedelyu_square,non_content,0.0,train
249,https://eda.rambler.ru/images/article/prazdnichnye-zavtraki_square,non_content,0.0,train
250,https://eda.rambler.ru/images/article/prazdnichnye-zavtraki_square,non_content,0.0,train
251,https://eda.rambler.ru/images/article/prazdnichnye-zavtraki_square,non_content,0.0,train
252,https://eda.rambler.ru/images/article/prazdnichnye-zavtraki_square,non_content,0.0,train
253,https://eda.rambler.ru/images/article/prazdnichnye-zavtraki_square,non_content,0.0,train
254,https://eda.rambler.ru/images/recipephoto/syrniki-s-gerkulesom-bez-muki_191236_photo_199153,non_content,0.0,val
255,https://eda.rambler.ru/images/recipephoto/syrniki-s-gerkulesom-bez-muki_191236_photo_199153,content,1.0,val
256,https://eda.rambler.ru/images/recipephoto/syrniki-s-gerkulesom-bez-muki_191236_photo_199153,content,1.0,val
257,https://eda.rambler.ru/images/recipephoto/syrniki-s-gerkulesom-bez-muki_191236_photo_199153,content,1.0,val
258,https://eda.rambler.ru/images/recipephoto/syrniki-s-gerkulesom-bez-muki_191236_photo_199153,content,1.0,val
259,https://eda.rambler.ru/images/recipephoto/syrniki-v-mikrovolnovke_191205_photo_199132,content,1.0,train
260,https://eda.rambler.ru/images/recipephoto/syrniki-v-mikrovolnovke_191205_photo_199132,content,1.0,train
261,https://eda.rambler.ru/images/recipephoto/syrniki-v-mikrovolnovke_191205_photo_199132,content,1.0,train
262,https://eda.rambler.ru/images/recipephoto/syrniki-v-mikrovolnovke_191205_photo_199132,content,1.0,train
263,https://eda.rambler.ru/images/recipephoto/syrniki-v-mikrovolnovke_191205_photo_199132,content,1.0,train
264,https://eda.rambler.ru/images/recipephoto/syrniki-kak-u-babushki_190931_photo_198851,content,1.0,train
265,https://eda.rambler.ru/images/recipephoto/syrniki-kak-u-babushki_190931_photo_198851,content,1.0,train
266,https://eda.rambler.ru/images/recipephoto/syrniki-kak-u-babushki_190931_photo_198851,content,1.0,train
267,https://eda.rambler.ru/images/recipephoto/syrniki-kak-u-babushki_190931_photo_198851,content,1.0,train
268,https://eda.rambler.ru/images/recipephoto/syrniki-kak-u-babushki_190931_photo_198851,content,1.0,train
269,https://eda.rambler.ru/images/recipephoto/syrniki-s-zapechennoy-tykvoy_190830_photo_198745,content,1.0,train
270,https://eda.rambler.ru/images/recipephoto/syrniki-s-zapechennoy-tykvoy_190830_photo_198745,content,1.0,train
271,https://eda.rambler.ru/images/recipephoto/syrniki-s-zapechennoy-tykvoy_190830_photo_198745,content,1.0,train
272,https://eda.rambler.ru/images/recipephoto/syrniki-s-zapechennoy-tykvoy_190830_photo_198745,content,1.0,train
273,https://eda.rambler.ru/images/recipephoto/syrniki-s-zapechennoy-tykvoy_190830_photo_198745,content,1.0,train
274,https://eda.rambler.ru/images/recipephoto/syrniki-s-tykvoy_190405_photo_198415,content,1.0,train
275,https://eda.rambler.ru/images/recipephoto/syrniki-s-tykvoy_190405_photo_198415,content,1.0,train
276,https://eda.rambler.ru/images/recipephoto/syrniki-s-tykvoy_190405_photo_198415,content,1.0,train
277,https://eda.rambler.ru/images/recipephoto/syrniki-s-tykvoy_190405_photo_198415,content,1.0,train
278,https://eda.rambler.ru/images/recipephoto/syrniki-s-tykvoy_190405_photo_198415,content,1.0,train
279,https://eda.rambler.ru/images/recipephoto/syrniki-s-tykvoy_190323_photo_198357,content,1.0,train
280,https://eda.rambler.ru/images/recipephoto/syrniki-s-tykvoy_190323_photo_198357,content,1.0,train
281,https://eda.rambler.ru/images/recipephoto/syrniki-s-tykvoy_190323_photo_198357,content,1.0,train
282,https://eda.rambler.ru/images/recipephoto/syrniki-s-tykvoy_190323_photo_198357,content,1.0,train
283,https://eda.rambler.ru/images/recipephoto/syrniki-s-tykvoy_190323_photo_198357,content,1.0,train
284,https://eda.rambler.ru/images/recipephoto/syrniki-s-makom_190131_photo_198217,content,1.0,train
285,https://eda.rambler.ru/images/recipephoto/syrniki-s-makom_190131_photo_198217,content,1.0,train
286,https://eda.rambler.ru/images/recipephoto/syrniki-s-makom_190131_photo_198217,content,1.0,train
287,https://eda.rambler.ru/images/recipephoto/syrniki-s-makom_190131_photo_198217,content,1.0,train
288,https://eda.rambler.ru/images/recipephoto/syrniki-s-makom_190131_photo_198217,content,1.0,train
289,https://eda.rambler.ru/images/recipephoto/syrniki-s-kokosovoy-struzhkoy_190088_photo_198183,content,1.0,train
290,https://eda.rambler.ru/images/recipephoto/syrniki-s-kokosovoy-struzhkoy_190088_photo_198183,content,1.0,train
291,https://eda.rambler.ru/images/recipephoto/syrniki-s-kokosovoy-struzhkoy_190088_photo_198183,content,1.0,train
292,https://eda.rambler.ru/images/recipephoto/syrniki-s-kokosovoy-struzhkoy_190088_photo_198183,content,1.0,train
293,https://eda.rambler.ru/images/recipephoto/syrniki-s-kokosovoy-struzhkoy_190088_photo_198183,content,1.0,train
294,https://eda.rambler.ru/images/recipephoto/syrniki-iz-tvorozhnoy-massy-s-izyumom_189821_photo_197911,content,1.0,train
295,https://eda.rambler.ru/images/recipephoto/syrniki-iz-tvorozhnoy-massy-s-izyumom_189821_photo_197911,content,1.0,train
296,https://eda.rambler.ru/images/recipephoto/syrniki-iz-tvorozhnoy-massy-s-izyumom_189821_photo_197911,content,1.0,train
297,https://eda.rambler.ru/images/recipephoto/syrniki-iz-tvorozhnoy-massy-s-izyumom_189821_photo_197911,content,1.0,train
298,https://eda.rambler.ru/images/recipephoto/syrniki-iz-tvorozhnoy-massy-s-izyumom_189821_photo_197911,content,1.0,train
299,https://eda.rambler.ru/images/recipephoto/kremlyovskie-syrniki_189540_photo_197768,content,1.0,train
300,https://eda.rambler.ru/images/recipephoto/kremlyovskie-syrniki_189540_photo_197768,content,1.0,train
301,https://eda.rambler.ru/images/recipephoto/kremlyovskie-syrniki_189540_photo_197768,content,1.0,train
302,https://eda.rambler.ru/images/recipephoto/kremlyovskie-syrniki_189540_photo_197768,content,1.0,train
303,https://eda.rambler.ru/images/recipephoto/kremlyovskie-syrniki_189540_photo_197768,content,1.0,train
304,https://books.toscrape.com/media/cache/2c/da/2cdad67c44b002e7ead0cc35693c0e8b,content,1.0,train
305,https://books.toscrape.com/media/cache/26/0c/260c6ae16bce31c8f8c95daddd9f4a1c,content,1.0,val
306,https://books.toscrape.com/media/cache/3e/ef/3eef99c9d9adef34639f510662022830,content,1.0,test
307,https://books.toscrape.com/media/cache/32/51/3251cf3a3412f53f339e42cac2134093,content,1.0,train
308,https://books.toscrape.com/media/cache/be/a5/bea5697f2534a2f86a3ef27b5a8c12a6,content,1.0,test
309,https://books.toscrape.com/media/cache/68/33/68339b4c9bc034267e1da611ab3b34f8,content,1.0,train
310,https://books.toscrape.com/media/cache/92/27/92274a95b7c251fea59a2b8a78275ab4,content,1.0,train
311,https://books.toscrape.com/media/cache/3d/54/3d54940e57e662c4dd1f3ff00c78cc64,content,1.0,train
312,https://books.toscrape.com/media/cache/66/88/66883b91f6804b2323c8369331cb7dd1,content,1.0,test
313,https://books.toscrape.com/media/cache/58/46/5846057e28022268153beff6d352b06c,content,1.0,train
314,https://books.toscrape.com/media/cache/be/f4/bef44da28c98f905a3ebec0b87be8530,content,1.0,val
315,https://books.toscrape.com/media/cache/10/48/1048f63d3b5061cd2f424d20b3f9b666,content,1.0,train
316,https://books.toscrape.com/media/cache/5b/88/5b88c52633f53cacf162c15f4f823153,content,1.0,test
317,https://books.toscrape.com/media/cache/94/b1/94b1b8b244bce9677c2f29ccc890d4d2,content,1.0,val
318,https://books.toscrape.com/media/cache/81/c4/81c4a973364e17d01f217e1188253d5e,content,1.0,test
319,https://books.toscrape.com/media/cache/54/60/54607fe8945897cdcced0044103b10b6,content,1.0,val
320,https://books.toscrape.com/media/cache/55/33/553310a7162dfbc2c6d19a84da0df9e1,content,1.0,val
321,https://books.toscrape.com/media/cache/09/a3/09a3aef48557576e1a85ba7efea8ecb7,content,1.0,train
322,https://books.toscrape.com/media/cache/0b/bc/0bbcd0a6f4bcd81ccb1049a52736406e,content,1.0,train
323,https://books.toscrape.com/media/cache/27/a5/27a53d0bb95bdd88288eaf66c9230d7e,content,1.0,train
324,https://books.toscrape.com/media/cache/27/a5/27a53d0bb95bdd88288eaf66c9230d7e,content,1.0,train
325,https://books.toscrape.com/media/cache/57/77/57770cac1628f4407636635f4b85e88c,content,1.0,val
326,https://books.toscrape.com/media/cache/9a/7e/9a7e63f12829df4b43b31d110bf3dc2e,content,1.0,val
327,https://books.toscrape.com/media/cache/d5/bf/d5bf0090470b0b8ea46d9c166f7895aa,content,1.0,train
328,https://books.toscrape.com/media/cache/98/c2/98c2e95c5fd1a4e7cd5f2b63c52826cb,content,1.0,train
329,https://books.toscrape.com/media/cache/4e/15/4e15150388702ebca2c5a523ac270539,content,1.0,val
330,https://books.toscrape.com/media/cache/76/de/76de41867f323d7f1f4fbe2fdfc1b2ba,content,1.0,test
331,https://books.toscrape.com/media/cache/db/46/db46159b05faa5d95262112bf9c29ddd,content,1.0,train
332,https://books.toscrape.com/media/cache/e0/4f/e04f8eda2a2fa947aec17640202d9ab0,content,1.0,test
333,https://books.toscrape.com/media/cache/06/81/0681530a7bc301caf5c3257e1b0f0750,content,1.0,train
334,https://books.toscrape.com/media/cache/d7/0f/d70f7edd92705c45a82118c3ff6c299d,content,1.0,train
335,https://i.natgeofe.com/n/8ca744b0-02e8-4625-8093-4d817a0c48e1/03_20241008-ammonite-dsc04644-stack-1,content,1.0,train
336,https://i.natgeofe.com/n/5e45eca3-fc72-4c26-9e2b-97021fc346c8/87_20240216-lakemagadi-_dsc6113-9,content,1.0,train
337,https://i.natgeofe.com/n/fdaa6fbe-389a-44cf-b4c5-32034502198e/05_20240216-lakemagadi-_dsc4134-28,content,1.0,test
338,https://i.natgeofe.com/n/b07c1322-c338-4f77-addf-56064496bbd1/23_suguta-20241207-_dsc2233-1,content,1.0,test
339,https://i.natgeofe.com/n/bf830a02-686b-454f-ab0b-3c65efa2d016/32_20240216-lakemagadi-_dsc3865-25,content,1.0,train
340,https://i.natgeofe.com/n/aadc62b0-b85d-45df-9d24-8347c5bb8ab6/34_botswana-vumbura-20140424-253-_dsc7805-2,content,1.0,train
341,https://i.natgeofe.com/n/5c7fcd56-4d45-431e-9949-75c83d56f18d/83_iceland-south-east-20240824-_dsc6413-1,content,1.0,test
342,https://i.natgeofe.com/n/65bbbb62-d5fd-4cde-a481-a7f1bcf5ba15/31_2024-10-07_22-17-31_-8,content,1.0,val
343,https://i.natgeofe.com/n/08d5ee93-3516-4b24-84f4-d8c08d8ecbf1/01_reykajanesta-20220407-036-_adm9657-1,content,1.0,val
344,https://i.natgeofe.com/n/8e72f0e9-3c29-4231-bb26-b195c3f2b3ac/18_iceland-south-east-20240824-_dsc6458-11,content,1.0,train
345,https://i.natgeofe.com/n/8ca8209c-820b-4134-b889-0ca09b7d2ba9/coverstory_japan_gettyimages-664292960_ukhr_square,non_content,0.0,train
346,https://i.natgeofe.com/n/9d1cd265-c712-422f-abe0-80ef9ce460a6/mmw58t_1_square,non_content,0.0,train
347,https://i.natgeofe.com/n/1a77994c-4435-41cd-a7c6-53af7d29774e/mm10266_20240820_fs1stacked_0061b_square,non_content,0.0,train
348,https://i.natgeofe.com/n/70af191a-f614-4ba7-9b10-37d59a484fe7/jon_mccormack_patterns_cover%5b43634544%5d,content,1.0,train
349,https://i.natgeofe.com/n/5cd7cfb8-358d-419a-baa2-0bbfd7871ce3/mm10145_240515_00326_4x3,non_content,0.0,val
350,https://i.natgeofe.com/n/47fb7c47-ea96-4a55-bdda-ce0ccf267b8c/coverstory_bc_gettyimages-2185366742_ukhr_4x3,non_content,0.0,test
351,https://i.natgeofe.com/n/6f467826-db8e-4848-8183-0624c14015c3/vietnam__dsc1118_ukhr_4x3,non_content,0.0,train
352,https://i.natgeofe.com/n/995ed1ad-341a-411e-ac66-7ac4e87ba89f/st_ukbreak_gettyimages-1445443560_ukhr_4x3,non_content,0.0,test
353,https://i.natgeofe.com/n/859d1a3d-50a9-4d89-a279-4f123b44e4c9/gettyimages-155785510_4x3,non_content,0.0,train
354,https://i.natgeofe.com/n/8ca744b0-02e8-4625-8093-4d817a0c48e1/03_20241008-ammonite-dsc04644-stack-1,content,1.0,train
355,https://i.natgeofe.com/n/8ca744b0-02e8-4625-8093-4d817a0c48e1/03_20241008-ammonite-dsc04644-stack-1,content,1.0,train
356,https://i.natgeofe.com/n/8ca744b0-02e8-4625-8093-4d817a0c48e1/03_20241008-ammonite-dsc04644-stack-1,content,1.0,train
357,https://i.natgeofe.com/n/8ca744b0-02e8-4625-8093-4d817a0c48e1/03_20241008-ammonite-dsc04644-stack-1,content,1.0,train
358,https://i.natgeofe.com/n/8ca744b0-02e8-4625-8093-4d817a0c48e1/03_20241008-ammonite-dsc04644-stack-1,content,1.0,train
359,https://i.natgeofe.com/n/8ca744b0-02e8-4625-8093-4d817a0c48e1/03_20241008-ammonite-dsc04644-stack-1,content,1.0,train
360,https://i.natgeofe.com/n/8ca744b0-02e8-4625-8093-4d817a0c48e1/03_20241008-ammonite-dsc04644-stack-1,content,1.0,train
361,https://i.natgeofe.com/n/8ca744b0-02e8-4625-8093-4d817a0c48e1/03_20241008-ammonite-dsc04644-stack-1,content,1.0,train
362,https://i.natgeofe.com/n/5e45eca3-fc72-4c26-9e2b-97021fc346c8/87_20240216-lakemagadi-_dsc6113-9,content,1.0,train
363,https://i.natgeofe.com/n/5e45eca3-fc72-4c26-9e2b-97021fc346c8/87_20240216-lakemagadi-_dsc6113-9,content,1.0,train
364,https://i.natgeofe.com/n/5e45eca3-fc72-4c26-9e2b-97021fc346c8/87_20240216-lakemagadi-_dsc6113-9,content,1.0,train
365,https://i.natgeofe.com/n/5e45eca3-fc72-4c26-9e2b-97021fc346c8/87_20240216-lakemagadi-_dsc6113-9,content,1.0,train
366,https://i.natgeofe.com/n/5e45eca3-fc72-4c26-9e2b-97021fc346c8/87_20240216-lakemagadi-_dsc6113-9,content,1.0,train
367,https://i.natgeofe.com/n/5e45eca3-fc72-4c26-9e2b-97021fc346c8/87_20240216-lakemagadi-_dsc6113-9,content,1.0,train
368,https://i.natgeofe.com/n/5e45eca3-fc72-4c26-9e2b-97021fc346c8/87_20240216-lakemagadi-_dsc6113-9,content,1.0,train
369,https://i.natgeofe.com/n/5e45eca3-fc72-4c26-9e2b-97021fc346c8/87_20240216-lakemagadi-_dsc6113-9,content,1.0,train
370,https://i.natgeofe.com/n/fdaa6fbe-389a-44cf-b4c5-32034502198e/05_20240216-lakemagadi-_dsc4134-28,content,1.0,test
371,https://i.natgeofe.com/n/fdaa6fbe-389a-44cf-b4c5-32034502198e/05_20240216-lakemagadi-_dsc4134-28,content,1.0,test
372,https://i.natgeofe.com/n/fdaa6fbe-389a-44cf-b4c5-32034502198e/05_20240216-lakemagadi-_dsc4134-28,content,1.0,test
373,https://i.natgeofe.com/n/fdaa6fbe-389a-44cf-b4c5-32034502198e/05_20240216-lakemagadi-_dsc4134-28,content,1.0,test
374,https://i.natgeofe.com/n/fdaa6fbe-389a-44cf-b4c5-32034502198e/05_20240216-lakemagadi-_dsc4134-28,content,1.0,test
375,https://i.natgeofe.com/n/fdaa6fbe-389a-44cf-b4c5-32034502198e/05_20240216-lakemagadi-_dsc4134-28,content,1.0,test
376,https://i.natgeofe.com/n/fdaa6fbe-389a-44cf-b4c5-32034502198e/05_20240216-lakemagadi-_dsc4134-28,content,1.0,test
377,https://i.natgeofe.com/n/fdaa6fbe-389a-44cf-b4c5-32034502198e/05_20240216-lakemagadi-_dsc4134-28,content,1.0,test
378,https://i.natgeofe.com/n/b07c1322-c338-4f77-addf-56064496bbd1/23_suguta-20241207-_dsc2233-1,content,1.0,test
379,https://i.natgeofe.com/n/b07c1322-c338-4f77-addf-56064496bbd1/23_suguta-20241207-_dsc2233-1,content,1.0,test
380,https://i.natgeofe.com/n/b07c1322-c338-4f77-addf-56064496bbd1/23_suguta-20241207-_dsc2233-1,content,1.0,test
381,https://i.natgeofe.com/n/b07c1322-c338-4f77-addf-56064496bbd1/23_suguta-20241207-_dsc2233-1,content,1.0,test
382,https://i.natgeofe.com/n/b07c1322-c338-4f77-addf-56064496bbd1/23_suguta-20241207-_dsc2233-1,content,1.0,test
383,https://i.natgeofe.com/n/b07c1322-c338-4f77-addf-56064496bbd1/23_suguta-20241207-_dsc2233-1,content,1.0,test
384,https://i.natgeofe.com/n/b07c1322-c338-4f77-addf-56064496bbd1/23_suguta-20241207-_dsc2233-1,content,1.0,test
385,https://i.natgeofe.com/n/b07c1322-c338-4f77-addf-56064496bbd1/23_suguta-20241207-_dsc2233-1,content,1.0,test
386,https://i.natgeofe.com/n/bf830a02-686b-454f-ab0b-3c65efa2d016/32_20240216-lakemagadi-_dsc3865-25,content,1.0,train
387,https://i.natgeofe.com/n/bf830a02-686b-454f-ab0b-3c65efa2d016/32_20240216-lakemagadi-_dsc3865-25,content,1.0,train
388,https://i.natgeofe.com/n/bf830a02-686b-454f-ab0b-3c65efa2d016/32_20240216-lakemagadi-_dsc3865-25,content,1.0,train
389,https://i.natgeofe.com/n/bf830a02-686b-454f-ab0b-3c65efa2d016/32_20240216-lakemagadi-_dsc3865-25,content,1.0,train
390,https://i.natgeofe.com/n/bf830a02-686b-454f-ab0b-3c65efa2d016/32_20240216-lakemagadi-_dsc3865-25,content,1.0,train
391,https://i.natgeofe.com/n/bf830a02-686b-454f-ab0b-3c65efa2d016/32_20240216-lakemagadi-_dsc3865-25,content,1.0,train
392,https://i.natgeofe.com/n/bf830a02-686b-454f-ab0b-3c65efa2d016/32_20240216-lakemagadi-_dsc3865-25,content,1.0,train
393,https://i.natgeofe.com/n/bf830a02-686b-454f-ab0b-3c65efa2d016/32_20240216-lakemagadi-_dsc3865-25,content,1.0,train
394,https://i.natgeofe.com/n/aadc62b0-b85d-45df-9d24-8347c5bb8ab6/34_botswana-vumbura-20140424-253-_dsc7805-2,content,1.0,train
395,https://i.natgeofe.com/n/aadc62b0-b85d-45df-9d24-8347c5bb8ab6/34_botswana-vumbura-20140424-253-_dsc7805-2,content,1.0,train
396,https://i.natgeofe.com/n/aadc62b0-b85d-45df-9d24-8347c5bb8ab6/34_botswana-vumbura-20140424-253-_dsc7805-2,content,1.0,train
397,https://i.natgeofe.com/n/aadc62b0-b85d-45df-9d24-8347c5bb8ab6/34_botswana-vumbura-20140424-253-_dsc7805-2,content,1.0,train
398,https://i.natgeofe.com/n/aadc62b0-b85d-45df-9d24-8347c5bb8ab6/34_botswana-vumbura-20140424-253-_dsc7805-2,content,1.0,train
399,https://i.natgeofe.com/n/aadc62b0-b85d-45df-9d24-8347c5bb8ab6/34_botswana-vumbura-20140424-253-_dsc7805-2,content,1.0,train
400,https://i.natgeofe.com/n/aadc62b0-b85d-45df-9d24-8347c5bb8ab6/34_botswana-vumbura-20140424-253-_dsc7805-2,content,1.0,train
401,https://i.natgeofe.com/n/aadc62b0-b85d-45df-9d24-8347c5bb8ab6/34_botswana-vumbura-20140424-253-_dsc7805-2,content,1.0,train
402,https://i.natgeofe.com/n/5c7fcd56-4d45-431e-9949-75c83d56f18d/83_iceland-south-east-20240824-_dsc6413-1,content,1.0,test
403,https://i.natgeofe.com/n/5c7fcd56-4d45-431e-9949-75c83d56f18d/83_iceland-south-east-20240824-_dsc6413-1,content,1.0,test
404,https://i.natgeofe.com/n/5c7fcd56-4d45-431e-9949-75c83d56f18d/83_iceland-south-east-20240824-_dsc6413-1,content,1.0,test
405,https://i.natgeofe.com/n/5c7fcd56-4d45-431e-9949-75c83d56f18d/83_iceland-south-east-20240824-_dsc6413-1,content,1.0,test
406,https://i.natgeofe.com/n/5c7fcd56-4d45-431e-9949-75c83d56f18d/83_iceland-south-east-20240824-_dsc6413-1,content,1.0,test
407,https://i.natgeofe.com/n/5c7fcd56-4d45-431e-9949-75c83d56f18d/83_iceland-south-east-20240824-_dsc6413-1,content,1.0,test
408,https://i.natgeofe.com/n/5c7fcd56-4d45-431e-9949-75c83d56f18d/83_iceland-south-east-20240824-_dsc6413-1,content,1.0,test
409,https://i.natgeofe.com/n/5c7fcd56-4d45-431e-9949-75c83d56f18d/83_iceland-south-east-20240824-_dsc6413-1,content,1.0,test
410,https://i.natgeofe.com/n/65bbbb62-d5fd-4cde-a481-a7f1bcf5ba15/31_2024-10-07_22-17-31_-8,content,1.0,val
411,https://i.natgeofe.com/n/65bbbb62-d5fd-4cde-a481-a7f1bcf5ba15/31_2024-10-07_22-17-31_-8,content,1.0,val
412,https://i.natgeofe.com/n/65bbbb62-d5fd-4cde-a481-a7f1bcf5ba15/31_2024-10-07_22-17-31_-8,content,1.0,val
413,https://i.natgeofe.com/n/65bbbb62-d5fd-4cde-a481-a7f1bcf5ba15/31_2024-10-07_22-17-31_-8,content,1.0,val
414,https://i.natgeofe.com/n/65bbbb62-d5fd-4cde-a481-a7f1bcf5ba15/31_2024-10-07_22-17-31_-8,content,1.0,val
415,https://i.natgeofe.com/n/65bbbb62-d5fd-4cde-a481-a7f1bcf5ba15/31_2024-10-07_22-17-31_-8,content,1.0,val
416,https://i.natgeofe.com/n/65bbbb62-d5fd-4cde-a481-a7f1bcf5ba15/31_2024-10-07_22-17-31_-8,content,1.0,val
417,https://i.natgeofe.com/n/65bbbb62-d5fd-4cde-a481-a7f1bcf5ba15/31_2024-10-07_22-17-31_-8,content,1.0,val
418,https://i.natgeofe.com/n/08d5ee93-3516-4b24-84f4-d8c08d8ecbf1/01_reykajanesta-20220407-036-_adm9657-1,content,1.0,val
419,https://i.natgeofe.com/n/08d5ee93-3516-4b24-84f4-d8c08d8ecbf1/01_reykajanesta-20220407-036-_adm9657-1,content,1.0,val
420,https://i.natgeofe.com/n/08d5ee93-3516-4b24-84f4-d8c08d8ecbf1/01_reykajanesta-20220407-036-_adm9657-1,content,1.0,val
421,https://i.natgeofe.com/n/08d5ee93-3516-4b24-84f4-d8c08d8ecbf1/01_reykajanesta-20220407-036-_adm9657-1,content,1.0,val
422,https://i.natgeofe.com/n/08d5ee93-3516-4b24-84f4-d8c08d8ecbf1/01_reykajanesta-20220407-036-_adm9657-1,content,1.0,val
423,https://i.natgeofe.com/n/08d5ee93-3516-4b24-84f4-d8c08d8ecbf1/01_reykajanesta-20220407-036-_adm9657-1,content,1.0,val
424,https://i.natgeofe.com/n/08d5ee93-3516-4b24-84f4-d8c08d8ecbf1/01_reykajanesta-20220407-036-_adm9657-1,content,1.0,val
425,https://i.natgeofe.com/n/08d5ee93-3516-4b24-84f4-d8c08d8ecbf1/01_reykajanesta-20220407-036-_adm9657-1,content,1.0,val
426,https://i.natgeofe.com/n/8e72f0e9-3c29-4231-bb26-b195c3f2b3ac/18_iceland-south-east-20240824-_dsc6458-11,content,1.0,train
427,https://i.natgeofe.com/n/8e72f0e9-3c29-4231-bb26-b195c3f2b3ac/18_iceland-south-east-20240824-_dsc6458-11,content,1.0,train
428,https://i.natgeofe.com/n/8e72f0e9-3c29-4231-bb26-b195c3f2b3ac/18_iceland-south-east-20240824-_dsc6458-11,content,1.0,train
429,https://i.natgeofe.com/n/8e72f0e9-3c29-4231-bb26-b195c3f2b3ac/18_iceland-south-east-20240824-_dsc6458-11,content,1.0,train
430,https://i.natgeofe.com/n/8e72f0e9-3c29-4231-bb26-b195c3f2b3ac/18_iceland-south-east-20240824-_dsc6458-11,content,1.0,train
431,https://i.natgeofe.com/n/8e72f0e9-3c29-4231-bb26-b195c3f2b3ac/18_iceland-south-east-20240824-_dsc6458-11,content,1.0,train
432,https://i.natgeofe.com/n/8e72f0e9-3c29-4231-bb26-b195c3f2b3ac/18_iceland-south-east-20240824-_dsc6458-11,content,1.0,train
433,https://i.natgeofe.com/n/8e72f0e9-3c29-4231-bb26-b195c3f2b3ac/18_iceland-south-east-20240824-_dsc6458-11,content,1.0,train
434,https://i.natgeofe.com/n/8ca8209c-820b-4134-b889-0ca09b7d2ba9/coverstory_japan_gettyimages-664292960_ukhr_square,non_content,0.0,train
435,https://i.natgeofe.com/n/8ca8209c-820b-4134-b889-0ca09b7d2ba9/coverstory_japan_gettyimages-664292960_ukhr_square,non_content,0.0,train
436,https://i.natgeofe.com/n/8ca8209c-820b-4134-b889-0ca09b7d2ba9/coverstory_japan_gettyimages-664292960_ukhr_square,non_content,0.0,train
437,https://i.natgeofe.com/n/8ca8209c-820b-4134-b889-0ca09b7d2ba9/coverstory_japan_gettyimages-664292960_ukhr_square,non_content,0.0,train
438,https://i.natgeofe.com/n/9d1cd265-c712-422f-abe0-80ef9ce460a6/mmw58t_1_square,non_content,0.0,train
439,https://i.natgeofe.com/n/9d1cd265-c712-422f-abe0-80ef9ce460a6/mmw58t_1_square,non_content,0.0,train
440,https://i.natgeofe.com/n/9d1cd265-c712-422f-abe0-80ef9ce460a6/mmw58t_1_square,non_content,0.0,train
441,https://i.natgeofe.com/n/9d1cd265-c712-422f-abe0-80ef9ce460a6/mmw58t_1_square,non_content,0.0,train
442,https://i.natgeofe.com/n/1a77994c-4435-41cd-a7c6-53af7d29774e/mm10266_20240820_fs1stacked_0061b_square,non_content,0.0,train
443,https://i.natgeofe.com/n/1a77994c-4435-41cd-a7c6-53af7d29774e/mm10266_20240820_fs1stacked_0061b_square,non_content,0.0,train
444,https://i.natgeofe.com/n/1a77994c-4435-41cd-a7c6-53af7d29774e/mm10266_20240820_fs1stacked_0061b_square,non_content,0.0,train
445,https://i.natgeofe.com/n/1a77994c-4435-41cd-a7c6-53af7d29774e/mm10266_20240820_fs1stacked_0061b_square,non_content,0.0,train
446,https://i.natgeofe.com/n/70af191a-f614-4ba7-9b10-37d59a484fe7/jon_mccormack_patterns_cover%5b43634544%5d,content,1.0,train
447,https://i.natgeofe.com/n/70af191a-f614-4ba7-9b10-37d59a484fe7/jon_mccormack_patterns_cover%5b43634544%5d,content,1.0,train
448,https://i.natgeofe.com/n/70af191a-f614-4ba7-9b10-37d59a484fe7/jon_mccormack_patterns_cover%5b43634544%5d,content,1.0,train
449,https://i.natgeofe.com/n/70af191a-f614-4ba7-9b10-37d59a484fe7/jon_mccormack_patterns_cover%5b43634544%5d,content,1.0,train
450,https://i.natgeofe.com/n/70af191a-f614-4ba7-9b10-37d59a484fe7/jon_mccormack_patterns_cover%5b43634544%5d,content,1.0,train
451,https://i.natgeofe.com/n/70af191a-f614-4ba7-9b10-37d59a484fe7/jon_mccormack_patterns_cover%5b43634544%5d,content,1.0,train
452,https://i.natgeofe.com/n/5cd7cfb8-358d-419a-baa2-0bbfd7871ce3/mm10145_240515_00326_4x3,non_content,0.0,val
453,https://i.natgeofe.com/n/5cd7cfb8-358d-419a-baa2-0bbfd7871ce3/mm10145_240515_00326_4x3,non_content,0.0,val
454,https://i.natgeofe.com/n/5cd7cfb8-358d-419a-baa2-0bbfd7871ce3/mm10145_240515_00326_4x3,non_content,0.0,val
455,https://i.natgeofe.com/n/5cd7cfb8-358d-419a-baa2-0bbfd7871ce3/mm10145_240515_00326_4x3,non_content,0.0,val
456,https://i.natgeofe.com/n/5cd7cfb8-358d-419a-baa2-0bbfd7871ce3/mm10145_240515_00326_4x3,non_content,0.0,val
457,https://i.natgeofe.com/n/5cd7cfb8-358d-419a-baa2-0bbfd7871ce3/mm10145_240515_00326_4x3,non_content,0.0,val
458,https://i.natgeofe.com/n/47fb7c47-ea96-4a55-bdda-ce0ccf267b8c/coverstory_bc_gettyimages-2185366742_ukhr_4x3,non_content,0.0,test
459,https://i.natgeofe.com/n/47fb7c47-ea96-4a55-bdda-ce0ccf267b8c/coverstory_bc_gettyimages-2185366742_ukhr_4x3,non_content,0.0,test
460,https://i.natgeofe.com/n/47fb7c47-ea96-4a55-bdda-ce0ccf267b8c/coverstory_bc_gettyimages-2185366742_ukhr_4x3,non_content,0.0,test
461,https://i.natgeofe.com/n/47fb7c47-ea96-4a55-bdda-ce0ccf267b8c/coverstory_bc_gettyimages-2185366742_ukhr_4x3,non_content,0.0,test
462,https://i.natgeofe.com/n/47fb7c47-ea96-4a55-bdda-ce0ccf267b8c/coverstory_bc_gettyimages-2185366742_ukhr_4x3,non_content,0.0,test
463,https://i.natgeofe.com/n/47fb7c47-ea96-4a55-bdda-ce0ccf267b8c/coverstory_bc_gettyimages-2185366742_ukhr_4x3,non_content,0.0,test
464,https://i.natgeofe.com/n/6f467826-db8e-4848-8183-0624c14015c3/vietnam__dsc1118_ukhr_4x3,non_content,0.0,train
465,https://i.natgeofe.com/n/6f467826-db8e-4848-8183-0624c14015c3/vietnam__dsc1118_ukhr_4x3,non_content,0.0,train
466,https://i.natgeofe.com/n/6f467826-db8e-4848-8183-0624c14015c3/vietnam__dsc1118_ukhr_4x3,non_content,0.0,train
467,https://i.natgeofe.com/n/6f467826-db8e-4848-8183-0624c14015c3/vietnam__dsc1118_ukhr_4x3,non_content,0.0,train
468,https://i.natgeofe.com/n/6f467826-db8e-4848-8183-0624c14015c3/vietnam__dsc1118_ukhr_4x3,non_content,0.0,train
469,https://i.natgeofe.com/n/6f467826-db8e-4848-8183-0624c14015c3/vietnam__dsc1118_ukhr_4x3,non_content,0.0,train
470,https://i.natgeofe.com/n/6f467826-db8e-4848-8183-0624c14015c3/vietnam__dsc1118_ukhr_4x3,non_content,0.0,train
471,https://i.natgeofe.com/n/6f467826-db8e-4848-8183-0624c14015c3/vietnam__dsc1118_ukhr_4x3,non_content,0.0,train
472,https://i.natgeofe.com/n/6f467826-db8e-4848-8183-0624c14015c3/vietnam__dsc1118_ukhr_4x3,non_content,0.0,train
473,https://i.natgeofe.com/n/6f467826-db8e-4848-8183-0624c14015c3/vietnam__dsc1118_ukhr_4x3,non_content,0.0,train
474,https://i.natgeofe.com/n/995ed1ad-341a-411e-ac66-7ac4e87ba89f/st_ukbreak_gettyimages-1445443560_ukhr_4x3,non_content,0.0,test
475,https://i.natgeofe.com/n/995ed1ad-341a-411e-ac66-7ac4e87ba89f/st_ukbreak_gettyimages-1445443560_ukhr_4x3,non_content,0.0,test
476,https://i.natgeofe.com/n/995ed1ad-341a-411e-ac66-7ac4e87ba89f/st_ukbreak_gettyimages-1445443560_ukhr_4x3,non_content,0.0,test
477,https://i.natgeofe.com/n/995ed1ad-341a-411e-ac66-7ac4e87ba89f/st_ukbreak_gettyimages-1445443560_ukhr_4x3,non_content,0.0,test
478,https://i.natgeofe.com/n/995ed1ad-341a-411e-ac66-7ac4e87ba89f/st_ukbreak_gettyimages-1445443560_ukhr_4x3,non_content,0.0,test
479,https://i.natgeofe.com/n/995ed1ad-341a-411e-ac66-7ac4e87ba89f/st_ukbreak_gettyimages-1445443560_ukhr_4x3,non_content,0.0,test
480,https://i.natgeofe.com/n/995ed1ad-341a-411e-ac66-7ac4e87ba89f/st_ukbreak_gettyimages-1445443560_ukhr_4x3,non_content,0.0,test
481,https://i.natgeofe.com/n/995ed1ad-341a-411e-ac66-7ac4e87ba89f/st_ukbreak_gettyimages-1445443560_ukhr_4x3,non_content,0.0,test
482,https://i.natgeofe.com/n/995ed1ad-341a-411e-ac66-7ac4e87ba89f/st_ukbreak_gettyimages-1445443560_ukhr_4x3,non_content,0.0,test
483,https://i.natgeofe.com/n/995ed1ad-341a-411e-ac66-7ac4e87ba89f/st_ukbreak_gettyimages-1445443560_ukhr_4x3,non_content,0.0,test
484,https://i.natgeofe.com/n/859d1a3d-50a9-4d89-a279-4f123b44e4c9/gettyimages-155785510_4x3,non_content,0.0,train
485,https://i.natgeofe.com/n/859d1a3d-50a9-4d89-a279-4f123b44e4c9/gettyimages-155785510_4x3,non_content,0.0,train
486,https://i.natgeofe.com/n/859d1a3d-50a9-4d89-a279-4f123b44e4c9/gettyimages-155785510_4x3,non_content,0.0,train
487,https://i.natgeofe.com/n/859d1a3d-50a9-4d89-a279-4f123b44e4c9/gettyimages-155785510_4x3,non_content,0.0,train
488,https://i.natgeofe.com/n/859d1a3d-50a9-4d89-a279-4f123b44e4c9/gettyimages-155785510_4x3,non_content,0.0,train
489,https://i.natgeofe.com/n/859d1a3d-50a9-4d89-a279-4f123b44e4c9/gettyimages-155785510_4x3,non_content,0.0,train
490,https://i.natgeofe.com/n/859d1a3d-50a9-4d89-a279-4f123b44e4c9/gettyimages-155785510_4x3,non_content,0.0,train
491,https://i.natgeofe.com/n/859d1a3d-50a9-4d89-a279-4f123b44e4c9/gettyimages-155785510_4x3,non_content,0.0,train
492,https://i.natgeofe.com/n/859d1a3d-50a9-4d89-a279-4f123b44e4c9/gettyimages-155785510_4x3,non_content,0.0,train
493,https://i.natgeofe.com/n/859d1a3d-50a9-4d89-a279-4f123b44e4c9/gettyimages-155785510_4x3,non_content,0.0,train
494,https://www.tsinghua.edu.cn/en/image/inner1_bn9,content,1.0,train
495,https://www.tsinghua.edu.cn/__local/8/b9/91/f8066042a9794dab794fbc90e7f_8ad01f33_376ca,content,1.0,val
496,https://www.tsinghua.edu.cn/__local/c/c5/3a/cdd1f9a5d81512c840e76cb88ae_b37b701a_43202,content,1.0,train
497,https://www.tsinghua.edu.cn/__local/c/41/95/27b895495bead8b569ba52a2df2_517e251c_3576b,content,1.0,train
498,https://www.tsinghua.edu.cn/__local/4/1c/7f/0ad57bc9e0758ae9cd1d3be023f_03010a05_2f379,content,1.0,train
499,https://www.tsinghua.edu.cn/en/image/logo159,non_content,0.0,train
500,https://scrapeme.live/wp-content/uploads/2018/08/004,content,1.0,train
501,https://scrapeme.live/wp-content/uploads/2018/08/004-,content,1.0,train
502,https://scrapeme.live/wp-content/uploads/2018/08/004-,content,1.0,train
503,https://scrapeme.live/wp-content/uploads/2018/08/004-,content,1.0,train
504,https://scrapeme.live/wp-content/uploads/2018/08/004-,content,1.0,train
505,https://scrapeme.live/wp-content/uploads/2018/08/004-,content,1.0,train
506,https://scrapeme.live/wp-content/uploads/2018/08/011-,non_content,0.0,val
507,https://scrapeme.live/wp-content/uploads/2018/08/011-,non_content,0.0,val
508,https://scrapeme.live/wp-content/uploads/2018/08/011-,non_content,0.0,val
509,https://scrapeme.live/wp-content/uploads/2018/08/011-,non_content,0.0,val
510,https://scrapeme.live/wp-content/uploads/2018/08/011-,non_content,0.0,val
511,https://scrapeme.live/wp-content/uploads/2018/08/011,non_content,0.0,val
512,https://scrapeme.live/wp-content/uploads/2018/08/010-,non_content,0.0,train
513,https://scrapeme.live/wp-content/uploads/2018/08/010-,non_content,0.0,train
514,https://scrapeme.live/wp-content/uploads/2018/08/010-,non_content,0.0,train
515,https://scrapeme.live/wp-content/uploads/2018/08/010-,non_content,0.0,train
516,https://scrapeme.live/wp-content/uploads/2018/08/010-,non_content,0.0,train
517,https://scrapeme.live/wp-content/uploads/2018/08/010,non_content,0.0,test
518,https://scrapeme.live/wp-content/uploads/2018/08/016-,non_content,0.0,train
519,https://scrapeme.live/wp-content/uploads/2018/08/016-,non_content,0.0,train
520,https://scrapeme.live/wp-content/uploads/2018/08/016-,non_content,0.0,train
521,https://scrapeme.live/wp-content/uploads/2018/08/016-,non_content,0.0,train
522,https://scrapeme.live/wp-content/uploads/2018/08/016-,non_content,0.0,train
523,https://scrapeme.live/wp-content/uploads/2018/08/016,non_content,0.0,train
524,https://scrapeme.live/wp-content/uploads/2018/08/002-,non_content,0.0,test
525,https://scrapeme.live/wp-content/uploads/2018/08/005-,non_content,0.0,train
526,https://i.natgeofe.com/n/80750a6f-2f76-4675-b3b4-fac0bc5e8cf6/3ckddpn,content,1.0,train
527,https://i.natgeofe.com/n/07e6f4d0-0db4-47db-b158-0a8a921663d1/3b1rbkk,content,1.0,train
528,https://i.natgeofe.com/n/3f56ac20-26b5-434c-9e21-4ba09c115576/h_14492540,content,1.0,test
529,https://i.natgeofe.com/n/c81a08bb-cb4d-4269-b873-2ddd541ac212/gettyimages-122320305a_square,non_content,0.0,train
530,https://i.natgeofe.com/n/f5aa6e01-e17b-49d9-9211-3f40adc3f459/nationalgeographic_1959834_square,non_content,0.0,train
531,https://i.natgeofe.com/n/410f1748-989d-445b-9612-323dbf1ccaf0/mm10281_250909_001789_4x3,non_content,0.0,test
532,https://i.natgeofe.com/n/2978054b-ab87-49dc-8698-1e38979ff3ec/og-ramses-ii_4x3,non_content,0.0,train
533,https://i.natgeofe.com/n/84ad60f7-07a7-4e82-93bb-b71cdb77942c/nationalgeographic_2726355_4x3,non_content,0.0,train
534,https://i.natgeofe.com/n/89cb570f-e1d5-4558-af8b-89cc00acb54b/nationalgeographic_1400259_4x3,non_content,0.0,val
535,https://i.natgeofe.com/n/a55c0633-f2b0-49eb-88cc-12e169a09ec5/tower_of_london_005_4x3,non_content,0.0,train
536,https://i.natgeofe.com/n/80750a6f-2f76-4675-b3b4-fac0bc5e8cf6/3ckddpn,content,1.0,train
537,https://i.natgeofe.com/n/80750a6f-2f76-4675-b3b4-fac0bc5e8cf6/3ckddpn,content,1.0,train
538,https://i.natgeofe.com/n/80750a6f-2f76-4675-b3b4-fac0bc5e8cf6/3ckddpn,content,1.0,train
539,https://i.natgeofe.com/n/80750a6f-2f76-4675-b3b4-fac0bc5e8cf6/3ckddpn,content,1.0,train
540,https://i.natgeofe.com/n/80750a6f-2f76-4675-b3b4-fac0bc5e8cf6/3ckddpn,content,1.0,train
541,https://i.natgeofe.com/n/80750a6f-2f76-4675-b3b4-fac0bc5e8cf6/3ckddpn,content,1.0,train
542,https://i.natgeofe.com/n/80750a6f-2f76-4675-b3b4-fac0bc5e8cf6/3ckddpn,content,1.0,train
543,https://i.natgeofe.com/n/80750a6f-2f76-4675-b3b4-fac0bc5e8cf6/3ckddpn,content,1.0,train
544,https://i.natgeofe.com/n/07e6f4d0-0db4-47db-b158-0a8a921663d1/3b1rbkk,content,1.0,train
545,https://i.natgeofe.com/n/07e6f4d0-0db4-47db-b158-0a8a921663d1/3b1rbkk,content,1.0,train
546,https://i.natgeofe.com/n/07e6f4d0-0db4-47db-b158-0a8a921663d1/3b1rbkk,content,1.0,train
547,https://i.natgeofe.com/n/07e6f4d0-0db4-47db-b158-0a8a921663d1/3b1rbkk,content,1.0,train
548,https://i.natgeofe.com/n/07e6f4d0-0db4-47db-b158-0a8a921663d1/3b1rbkk,content,1.0,train
549,https://i.natgeofe.com/n/07e6f4d0-0db4-47db-b158-0a8a921663d1/3b1rbkk,content,1.0,train
550,https://i.natgeofe.com/n/3f56ac20-26b5-434c-9e21-4ba09c115576/h_14492540,content,1.0,test
551,https://i.natgeofe.com/n/3f56ac20-26b5-434c-9e21-4ba09c115576/h_14492540,content,1.0,test
552,https://i.natgeofe.com/n/3f56ac20-26b5-434c-9e21-4ba09c115576/h_14492540,content,1.0,test
553,https://i.natgeofe.com/n/3f56ac20-26b5-434c-9e21-4ba09c115576/h_14492540,content,1.0,test
554,https://i.natgeofe.com/n/3f56ac20-26b5-434c-9e21-4ba09c115576/h_14492540,content,1.0,test
555,https://i.natgeofe.com/n/3f56ac20-26b5-434c-9e21-4ba09c115576/h_14492540,content,1.0,test
556,https://i.natgeofe.com/n/c81a08bb-cb4d-4269-b873-2ddd541ac212/gettyimages-122320305a_square,non_content,0.0,train
557,https://i.natgeofe.com/n/c81a08bb-cb4d-4269-b873-2ddd541ac212/gettyimages-122320305a_square,non_content,0.0,train
558,https://i.natgeofe.com/n/c81a08bb-cb4d-4269-b873-2ddd541ac212/gettyimages-122320305a_square,non_content,0.0,train
559,https://i.natgeofe.com/n/c81a08bb-cb4d-4269-b873-2ddd541ac212/gettyimages-122320305a_square,non_content,0.0,train
560,https://i.natgeofe.com/n/c81a08bb-cb4d-4269-b873-2ddd541ac212/gettyimages-122320305a_square,non_content,0.0,train
561,https://i.natgeofe.com/n/c81a08bb-cb4d-4269-b873-2ddd541ac212/gettyimages-122320305a_square,non_content,0.0,train
562,https://i.natgeofe.com/n/f5aa6e01-e17b-49d9-9211-3f40adc3f459/nationalgeographic_1959834_square,non_content,0.0,train
563,https://i.natgeofe.com/n/f5aa6e01-e17b-49d9-9211-3f40adc3f459/nationalgeographic_1959834_square,non_content,0.0,train
564,https://i.natgeofe.com/n/f5aa6e01-e17b-49d9-9211-3f40adc3f459/nationalgeographic_1959834_square,non_content,0.0,train
565,https://i.natgeofe.com/n/f5aa6e01-e17b-49d9-9211-3f40adc3f459/nationalgeographic_1959834_square,non_content,0.0,train
566,https://i.natgeofe.com/n/f5aa6e01-e17b-49d9-9211-3f40adc3f459/nationalgeographic_1959834_square,non_content,0.0,train
567,https://i.natgeofe.com/n/f5aa6e01-e17b-49d9-9211-3f40adc3f459/nationalgeographic_1959834_square,non_content,0.0,train
568,https://i.natgeofe.com/n/410f1748-989d-445b-9612-323dbf1ccaf0/mm10281_250909_001789_4x3,non_content,0.0,test
569,https://i.natgeofe.com/n/410f1748-989d-445b-9612-323dbf1ccaf0/mm10281_250909_001789_4x3,non_content,0.0,test
570,https://i.natgeofe.com/n/410f1748-989d-445b-9612-323dbf1ccaf0/mm10281_250909_001789_4x3,non_content,0.0,test
571,https://i.natgeofe.com/n/410f1748-989d-445b-9612-323dbf1ccaf0/mm10281_250909_001789_4x3,non_content,0.0,test
572,https://i.natgeofe.com/n/410f1748-989d-445b-9612-323dbf1ccaf0/mm10281_250909_001789_4x3,non_content,0.0,test
573,https://i.natgeofe.com/n/410f1748-989d-445b-9612-323dbf1ccaf0/mm10281_250909_001789_4x3,non_content,0.0,test
574,https://i.natgeofe.com/n/2978054b-ab87-49dc-8698-1e38979ff3ec/og-ramses-ii_4x3,non_content,0.0,train
575,https://i.natgeofe.com/n/2978054b-ab87-49dc-8698-1e38979ff3ec/og-ramses-ii_4x3,non_content,0.0,train
576,https://i.natgeofe.com/n/2978054b-ab87-49dc-8698-1e38979ff3ec/og-ramses-ii_4x3,non_content,0.0,train
577,https://i.natgeofe.com/n/2978054b-ab87-49dc-8698-1e38979ff3ec/og-ramses-ii_4x3,non_content,0.0,train
578,https://i.natgeofe.com/n/2978054b-ab87-49dc-8698-1e38979ff3ec/og-ramses-ii_4x3,non_content,0.0,train
579,https://i.natgeofe.com/n/2978054b-ab87-49dc-8698-1e38979ff3ec/og-ramses-ii_4x3,non_content,0.0,train
580,https://i.natgeofe.com/n/84ad60f7-07a7-4e82-93bb-b71cdb77942c/nationalgeographic_2726355_4x3,non_content,0.0,train
581,https://i.natgeofe.com/n/84ad60f7-07a7-4e82-93bb-b71cdb77942c/nationalgeographic_2726355_4x3,non_content,0.0,train
582,https://i.natgeofe.com/n/84ad60f7-07a7-4e82-93bb-b71cdb77942c/nationalgeographic_2726355_4x3,non_content,0.0,train
583,https://i.natgeofe.com/n/84ad60f7-07a7-4e82-93bb-b71cdb77942c/nationalgeographic_2726355_4x3,non_content,0.0,train
584,https://i.natgeofe.com/n/84ad60f7-07a7-4e82-93bb-b71cdb77942c/nationalgeographic_2726355_4x3,non_content,0.0,train
585,https://i.natgeofe.com/n/84ad60f7-07a7-4e82-93bb-b71cdb77942c/nationalgeographic_2726355_4x3,non_content,0.0,train
586,https://i.natgeofe.com/n/84ad60f7-07a7-4e82-93bb-b71cdb77942c/nationalgeographic_2726355_4x3,non_content,0.0,train
587,https://i.natgeofe.com/n/84ad60f7-07a7-4e82-93bb-b71cdb77942c/nationalgeographic_2726355_4x3,non_content,0.0,train
588,https://i.natgeofe.com/n/84ad60f7-07a7-4e82-93bb-b71cdb77942c/nationalgeographic_2726355_4x3,non_content,0.0,train
589,https://i.natgeofe.com/n/84ad60f7-07a7-4e82-93bb-b71cdb77942c/nationalgeographic_2726355_4x3,non_content,0.0,train
590,https://i.natgeofe.com/n/89cb570f-e1d5-4558-af8b-89cc00acb54b/nationalgeographic_1400259_4x3,non_content,0.0,val
591,https://i.natgeofe.com/n/89cb570f-e1d5-4558-af8b-89cc00acb54b/nationalgeographic_1400259_4x3,non_content,0.0,val
592,https://i.natgeofe.com/n/89cb570f-e1d5-4558-af8b-89cc00acb54b/nationalgeographic_1400259_4x3,non_content,0.0,val
593,https://i.natgeofe.com/n/89cb570f-e1d5-4558-af8b-89cc00acb54b/nationalgeographic_1400259_4x3,non_content,0.0,val
594,https://i.natgeofe.com/n/89cb570f-e1d5-4558-af8b-89cc00acb54b/nationalgeographic_1400259_4x3,non_content,0.0,val
595,https://i.natgeofe.com/n/89cb570f-e1d5-4558-af8b-89cc00acb54b/nationalgeographic_1400259_4x3,non_content,0.0,val
596,https://i.natgeofe.com/n/89cb570f-e1d5-4558-af8b-89cc00acb54b/nationalgeographic_1400259_4x3,non_content,0.0,val
597,https://i.natgeofe.com/n/89cb570f-e1d5-4558-af8b-89cc00acb54b/nationalgeographic_1400259_4x3,non_content,0.0,val
598,https://i.natgeofe.com/n/89cb570f-e1d5-4558-af8b-89cc00acb54b/nationalgeographic_1400259_4x3,non_content,0.0,val
599,https://i.natgeofe.com/n/89cb570f-e1d5-4558-af8b-89cc00acb54b/nationalgeographic_1400259_4x3,non_content,0.0,val
600,https://i.natgeofe.com/n/a55c0633-f2b0-49eb-88cc-12e169a09ec5/tower_of_london_005_4x3,non_content,0.0,train
601,https://i.natgeofe.com/n/a55c0633-f2b0-49eb-88cc-12e169a09ec5/tower_of_london_005_4x3,non_content,0.0,train
602,https://i.natgeofe.com/n/a55c0633-f2b0-49eb-88cc-12e169a09ec5/tower_of_london_005_4x3,non_content,0.0,train
603,https://i.natgeofe.com/n/a55c0633-f2b0-49eb-88cc-12e169a09ec5/tower_of_london_005_4x3,non_content,0.0,train
604,https://i.natgeofe.com/n/a55c0633-f2b0-49eb-88cc-12e169a09ec5/tower_of_london_005_4x3,non_content,0.0,train
605,https://i.natgeofe.com/n/a55c0633-f2b0-49eb-88cc-12e169a09ec5/tower_of_london_005_4x3,non_content,0.0,train
606,https://i.natgeofe.com/n/a55c0633-f2b0-49eb-88cc-12e169a09ec5/tower_of_london_005_4x3,non_content,0.0,train
607,https://i.natgeofe.com/n/a55c0633-f2b0-49eb-88cc-12e169a09ec5/tower_of_london_005_4x3,non_content,0.0,train
608,https://i.natgeofe.com/n/a55c0633-f2b0-49eb-88cc-12e169a09ec5/tower_of_london_005_4x3,non_content,0.0,train
609,https://i.natgeofe.com/n/a55c0633-f2b0-49eb-88cc-12e169a09ec5/tower_of_london_005_4x3,non_content,0.0,train
610,https://counter.rambler.ru/top100.cnt?pid=2851306,non_content,0.0,train
611,https://top-fwz1.mail.ru/counter?id=3080936%3Bjs%3Dna,non_content,0.0,train
612,https://vk.com/rtrg?p=VK-RTRG-981442-5gRwn,non_content,0.0,train
613,https://vk.com/rtrg?p=VK-RTRG-981445-64A5t,non_content,0.0,train
614,https://vk.com/rtrg?p=VK-RTRG-1601661-4Njty,non_content,0.0,val
615,https://www.sobaka.ru/img/entry_points/spb_geo_,non_content,0.0,val
616,https://www.sobaka.ru/img/sobaka.svg?v=2,non_content,0.0,test
617,https://static.sobaka.ru/images/image/02/09/82/70/_normal?v=1775060306,content,1.0,train
618,https://static.sobaka.ru/images/image/02/09/82/92/_normal?v=1775060519,content,1.0,val
619,https://static.sobaka.ru/images/image/02/09/82/91/_normal?v=1775060558,content,1.0,train
620,https://static.sobaka.ru/images/image/02/09/82/84/_normal?v=1775060613,content,1.0,val
621,https://static.sobaka.ru/images/image/02/09/83/00/_normal?v=1775060399,content,1.0,train
622,https://static.sobaka.ru/images/image/02/09/82/97/_normal?v=1775060653,content,1.0,train
623,https://static.sobaka.ru/images/image/02/09/82/82/_normal?v=1775060709,content,1.0,train
624,https://static.sobaka.ru/images/image/02/09/82/68/_normal?v=1775060134,content,1.0,train
625,https://static.sobaka.ru/images/image/02/09/82/69/_normal?v=1775060135,content,1.0,train
626,https://static.sobaka.ru/images/image/02/09/82/71/_normal?v=1775060139,content,1.0,val
627,https://static.sobaka.ru/images/image/02/09/82/72/_normal?v=1775060141,content,1.0,train
628,https://static.sobaka.ru/images/image/02/09/82/73/_normal?v=1775060144,content,1.0,train
629,https://static.sobaka.ru/images/image/02/09/82/74/_normal?v=1775060145,content,1.0,val
630,https://static.sobaka.ru/images/image/02/09/82/75/_normal?v=1775060148,content,1.0,val
631,https://static.sobaka.ru/images/image/02/09/82/76/_normal?v=1775060150,content,1.0,train
632,https://static.sobaka.ru/images/image/02/09/82/77/_normal?v=1775060151,content,1.0,test
633,https://static.sobaka.ru/images/image/02/09/82/78/_normal?v=1775060153,content,1.0,test
634,https://static.sobaka.ru/images/image/02/09/82/79/_normal?v=1775060155,content,1.0,train
635,https://static.sobaka.ru/images/image/02/09/82/80/_normal?v=1775060157,content,1.0,test
636,https://static.sobaka.ru/images/image/02/09/82/81/_normal?v=1775060160,content,1.0,train
637,https://static.sobaka.ru/images/image/02/09/82/83/_normal?v=1775060164,content,1.0,val
638,https://static.sobaka.ru/images/image/02/09/82/85/_normal?v=1775060167,content,1.0,train
639,https://static.sobaka.ru/images/image/02/09/82/86/_normal?v=1775060169,content,1.0,val
640,https://static.sobaka.ru/images/image/02/09/82/87/_normal?v=1775060170,content,1.0,train
641,https://static.sobaka.ru/images/image/02/09/82/88/_normal?v=1775060171,content,1.0,test
642,https://static.sobaka.ru/images/image/02/09/82/89/_normal?v=1775060172,content,1.0,train
643,https://static.sobaka.ru/images/image/02/09/82/90/_normal?v=1775060174,content,1.0,train
644,https://static.sobaka.ru/images/image/02/09/82/93/_normal?v=1775060179,content,1.0,val
645,https://static.sobaka.ru/images/image/02/09/82/94/_normal?v=1775060182,content,1.0,test
646,https://static.sobaka.ru/images/image/02/09/82/95/_normal?v=1775060184,content,1.0,train
647,https://static.sobaka.ru/images/image/02/09/82/96/_normal?v=1775060186,content,1.0,val
648,https://static.sobaka.ru/images/image/02/09/82/98/_normal?v=1775060189,content,1.0,train
649,https://static.sobaka.ru/images/image/02/09/82/99/_normal?v=1775060191,content,1.0,test
